Region,Model,Horizon,fewshot_full_180d,fewshot_full_30d,fewshot_full_90d,fewshot_partial_180d,fewshot_partial_30d,fewshot_partial_90d,full,partial,scaler
QLD1,ann,1,4.56,4.75,4.51,4.72,5.18,4.47,4.37,4.41,18.21
QLD1,ann,24,7.37,8.81,8.05,7.42,9.93,8.04,6.62,6.66,12.38
QLD1,ann,168,8.85,11.58,11.05,8.88,11.95,11.06,8.12,8.15,10.87
QLD1,bigru,1,2.86,4.04,3.23,2.87,3.95,3.17,2.65,2.76,16.31
QLD1,bigru,24,3.9,4.96,4.41,3.73,5.04,4.14,3.28,3.37,13.44
QLD1,bigru,168,5.45,6.81,6.02,5.21,7.47,5.65,4.4,4.58,11.89
QLD1,bilstm,1,3.75,4.61,4.11,3.76,4.56,4.09,3.45,3.64,16.62
QLD1,bilstm,24,4.01,4.88,4.31,4.05,4.96,4.35,3.51,3.74,13.86
QLD1,bilstm,168,6.28,8.28,6.73,6.13,8.05,6.53,5.4,5.76,12.82
QLD1,gru,1,3.03,4.15,3.13,2.95,3.94,3.06,2.66,2.81,16.85
QLD1,gru,24,4.02,5.03,4.64,4.03,5.02,4.48,3.49,3.63,14.76
QLD1,gru,168,5.35,7.57,5.79,5.18,7.11,5.61,4.52,4.56,12.83
QLD1,lightgbm,1,3.47,5.19,4.23,3.41,5.17,4.25,2.49,2.43,15.58
QLD1,lightgbm,24,5.69,9.62,7.09,5.73,9.73,7.12,4.28,4.25,12.96
QLD1,lightgbm,168,7.94,13.03,9.59,8.0,13.15,9.6,6.31,6.34,11.8
QLD1,lstm,1,3.78,4.57,3.92,3.77,4.48,3.98,3.51,3.69,17.35
QLD1,lstm,24,4.48,5.28,4.78,4.39,5.55,4.69,4.03,4.25,14.84
QLD1,lstm,168,6.51,8.01,7.12,6.38,7.89,6.76,5.5,5.65,12.79
QLD1,xgboost,1,3.7,5.27,4.46,3.68,5.26,4.46,2.74,2.7,15.49
QLD1,xgboost,24,5.58,8.63,6.9,5.61,8.68,6.95,4.42,4.38,13.06
QLD1,xgboost,168,7.97,12.61,9.57,7.99,12.7,9.59,6.4,6.38,11.86
SA1,ann,1,47.49,46.11,44.64,46.17,45.96,44.92,47.16,49.68,210.46
SA1,ann,24,50.39,49.81,48.42,50.39,49.97,48.41,50.67,50.89,96.97
SA1,ann,168,45.78,48.13,45.08,45.9,48.59,45.31,44.67,44.9,55.28
SA1,bigru,1,23.57,25.45,24.37,23.71,25.29,24.01,18.79,20.72,96.69
SA1,bigru,24,21.46,23.41,20.91,20.69,22.92,20.63,16.18,19.77,64.54
SA1,bigru,168,25.28,25.74,25.68,24.47,26.23,24.75,19.96,22.67,56.78
SA1,bilstm,1,28.4,31.18,28.56,30.09,32.2,28.8,30.28,35.15,99.52
SA1,bilstm,24,27.39,27.64,25.79,27.48,26.56,25.6,22.18,24.72,59.21
SA1,bilstm,168,31.2,33.7,30.22,30.72,33.44,29.75,26.21,27.97,58.42
SA1,gru,1,25.83,28.96,27.37,28.08,28.86,27.88,24.65,30.91,100.6
SA1,gru,24,22.48,22.36,21.67,21.64,22.46,21.06,19.18,20.61,72.9
SA1,gru,168,24.7,25.02,25.82,24.11,25.07,24.93,21.64,23.8,63.91
SA1,lightgbm,1,17.42,18.92,17.51,18.33,18.78,17.47,9.4,9.07,60.18
SA1,lightgbm,24,33.46,29.46,28.17,34.23,29.59,28.41,19.14,19.06,51.15
SA1,lightgbm,168,36.91,37.3,32.23,37.22,37.52,32.29,25.81,25.79,47.94
SA1,lstm,1,30.96,36.7,32.48,32.32,35.45,32.92,28.2,32.97,100.88
SA1,lstm,24,35.95,37.28,32.97,36.73,37.6,33.53,32.58,37.8,63.5
SA1,lstm,168,30.67,31.63,30.62,29.97,31.36,29.99,26.89,28.58,54.9
SA1,xgboost,1,17.06,20.14,17.63,17.17,19.97,17.83,10.15,10.01,59.02
SA1,xgboost,24,31.09,30.78,28.35,31.81,30.61,28.37,19.36,19.22,50.99
SA1,xgboost,168,37.3,37.96,33.02,37.53,38.04,32.93,26.14,26.11,48.47
TAS1,ann,1,8.4,9.89,10.43,8.35,9.87,10.47,8.78,8.9,52.46
TAS1,ann,24,8.62,9.9,10.51,8.62,9.89,10.5,9.28,9.19,27.99
TAS1,ann,168,7.9,9.32,10.07,7.88,9.45,9.94,8.52,8.59,10.9
TAS1,bigru,1,5.58,7.79,7.93,5.59,7.76,8.13,5.09,5.38,27.12
TAS1,bigru,24,5.24,6.87,7.43,4.98,7.42,7.53,4.7,4.68,15.82
TAS1,bigru,168,5.49,8.11,9.13,5.46,7.9,9.18,5.13,5.28,10.92
TAS1,bilstm,1,7.12,8.45,8.69,7.27,8.4,8.68,6.92,7.39,27.94
TAS1,bilstm,24,6.61,8.35,8.23,6.47,8.18,8.42,5.62,5.81,13.24
TAS1,bilstm,168,5.98,7.63,9.25,6.01,7.15,9.29,5.65,5.79,10.77
TAS1,gru,1,6.45,8.49,7.86,6.48,8.57,8.03,6.35,7.23,28.33
TAS1,gru,24,5.64,7.79,8.0,5.53,7.83,8.31,4.91,5.15,19.73
TAS1,gru,168,5.66,7.7,7.93,5.67,7.46,7.86,5.16,5.43,14.43
TAS1,lightgbm,1,3.13,7.51,5.97,3.19,7.69,6.02,2.54,2.51,13.65
TAS1,lightgbm,24,6.19,9.46,7.69,6.32,9.55,7.74,4.28,4.33,10.35
TAS1,lightgbm,168,8.2,10.35,8.37,8.34,10.36,8.44,5.73,5.8,7.93
TAS1,lstm,1,6.0,8.38,8.49,5.78,8.38,8.5,5.93,6.96,28.37
TAS1,lstm,24,6.71,8.36,8.53,6.53,8.14,8.46,6.07,6.54,14.05
TAS1,lstm,168,6.43,6.98,9.31,6.21,6.82,9.21,5.72,5.82,10.98
TAS1,xgboost,1,3.14,8.92,7.2,3.14,8.99,7.26,2.61,2.58,12.93
TAS1,xgboost,24,5.71,10.4,8.77,5.86,10.43,8.75,4.25,4.27,10.48
TAS1,xgboost,168,7.72,11.06,9.33,7.83,11.07,9.26,5.63,5.67,8.09
VIC1,ann,1,7.95,7.29,7.95,7.96,7.53,7.56,7.07,7.46,44.91
VIC1,ann,24,12.67,11.58,11.87,12.73,11.84,11.77,11.93,12.01,25.97
VIC1,ann,168,14.18,13.92,13.63,14.28,14.24,13.5,13.12,13.06,15.36
VIC1,bigru,1,4.73,4.73,4.63,4.8,4.67,4.75,4.21,4.59,35.29
VIC1,bigru,24,6.2,6.42,6.66,6.08,5.63,6.37,5.06,5.19,25.24
VIC1,bigru,168,8.07,7.53,9.53,8.11,7.21,8.95,6.6,7.08,20.95
VIC1,bilstm,1,5.71,5.68,5.53,5.64,5.95,5.78,5.34,5.9,37.03
VIC1,bilstm,24,6.66,7.01,6.99,6.61,6.8,6.66,6.0,7.01,25.47
VIC1,bilstm,168,9.27,8.85,10.16,9.18,8.58,9.4,8.25,8.59,21.59
VIC1,gru,1,5.04,5.29,5.36,4.9,5.07,5.26,4.52,4.87,36.92
VIC1,gru,24,5.91,6.52,7.01,5.86,6.03,6.25,5.16,5.51,28.22
VIC1,gru,168,7.37,8.07,8.56,7.52,7.74,8.0,6.77,6.95,22.44
VIC1,lightgbm,1,4.87,6.21,5.59,4.92,6.31,5.73,3.46,3.34,28.74
VIC1,lightgbm,24,11.3,15.25,10.91,11.54,15.35,11.04,7.15,7.1,22.17
VIC1,lightgbm,168,15.29,15.6,13.48,15.47,15.73,13.64,9.42,9.41,15.35
VIC1,lstm,1,5.55,5.75,5.68,5.7,5.84,5.62,5.37,6.0,40.33
VIC1,lstm,24,7.53,8.82,9.31,7.51,8.5,8.79,7.65,7.77,27.16
VIC1,lstm,168,9.86,9.46,10.03,9.57,9.14,9.56,8.98,9.12,21.74
VIC1,xgboost,1,4.82,6.33,6.04,4.86,6.14,5.82,3.8,3.7,28.25
VIC1,xgboost,24,10.71,12.57,10.74,10.92,12.77,10.85,7.28,7.26,22.22
VIC1,xgboost,168,14.12,14.59,13.16,14.38,14.82,13.32,9.54,9.55,15.58
