Region,Model,Horizon,Strategy,MAE,MAPE,RMSE,R2
QLD1,xgboost,1,scaler,972.12,15.49,1054.6,-1.09
QLD1,xgboost,1,partial,155.25,2.7,209.14,96.02
QLD1,xgboost,1,full,158.4,2.74,213.13,95.87
QLD1,xgboost,1,fewshot_partial_30d,281.37,5.26,400.16,85.45
QLD1,xgboost,1,fewshot_full_30d,282.55,5.27,400.94,85.39
QLD1,xgboost,1,fewshot_partial_90d,244.4,4.46,344.94,89.18
QLD1,xgboost,1,fewshot_full_90d,245.09,4.46,345.33,89.16
QLD1,xgboost,1,fewshot_partial_180d,206.4,3.68,284.68,92.63
QLD1,xgboost,1,fewshot_full_180d,207.5,3.7,284.44,92.65
QLD1,lightgbm,1,scaler,972.42,15.58,1049.02,-0.03
QLD1,lightgbm,1,partial,139.62,2.43,190.98,96.68
QLD1,lightgbm,1,full,143.3,2.49,195.18,96.54
QLD1,lightgbm,1,fewshot_partial_30d,276.21,5.17,395.6,85.77
QLD1,lightgbm,1,fewshot_full_30d,277.16,5.19,395.7,85.77
QLD1,lightgbm,1,fewshot_partial_90d,229.91,4.25,330.53,90.07
QLD1,lightgbm,1,fewshot_full_90d,228.41,4.23,329.49,90.13
QLD1,lightgbm,1,fewshot_partial_180d,190.43,3.41,266.43,93.55
QLD1,lightgbm,1,fewshot_full_180d,193.36,3.47,269.86,93.38
QLD1,ann,1,scaler,1116.83,18.21,1177.15,-25.95
QLD1,ann,1,partial,257.8,4.41,321.74,90.59
QLD1,ann,1,full,256.07,4.37,319.56,90.72
QLD1,ann,1,fewshot_partial_30d,297.4,5.18,372.04,87.42
QLD1,ann,1,fewshot_full_30d,272.86,4.75,341.55,89.4
QLD1,ann,1,fewshot_partial_90d,255.74,4.47,320.89,90.64
QLD1,ann,1,fewshot_full_90d,257.59,4.51,323.42,90.49
QLD1,ann,1,fewshot_partial_180d,269.85,4.72,338.36,89.59
QLD1,ann,1,fewshot_full_180d,263.19,4.56,329.41,90.14
QLD1,lstm,1,scaler,1076.23,17.35,1150.89,-20.11
QLD1,lstm,1,partial,214.03,3.69,287.48,92.51
QLD1,lstm,1,full,204.72,3.51,275.57,93.11
QLD1,lstm,1,fewshot_partial_30d,246.88,4.48,348.7,88.97
QLD1,lstm,1,fewshot_full_30d,250.82,4.57,352.22,88.75
QLD1,lstm,1,fewshot_partial_90d,223.14,3.98,308.76,91.36
QLD1,lstm,1,fewshot_full_90d,220.52,3.92,305.63,91.53
QLD1,lstm,1,fewshot_partial_180d,215.26,3.77,299.36,91.87
QLD1,lstm,1,fewshot_full_180d,217.13,3.78,302.19,91.72
QLD1,gru,1,scaler,1049.94,16.85,1123.53,-14.47
QLD1,gru,1,partial,161.05,2.81,218.58,95.67
QLD1,gru,1,full,153.3,2.66,210.64,95.98
QLD1,gru,1,fewshot_partial_30d,210.0,3.94,310.8,91.24
QLD1,gru,1,fewshot_full_30d,221.6,4.15,319.16,90.76
QLD1,gru,1,fewshot_partial_90d,168.76,3.06,239.45,94.8
QLD1,gru,1,fewshot_full_90d,172.92,3.13,242.2,94.68
QLD1,gru,1,fewshot_partial_180d,165.91,2.95,230.04,95.2
QLD1,gru,1,fewshot_full_180d,168.96,3.03,236.54,94.93
QLD1,bilstm,1,scaler,1028.53,16.62,1099.22,-9.57
QLD1,bilstm,1,partial,209.93,3.64,284.38,92.67
QLD1,bilstm,1,full,200.03,3.45,272.45,93.27
QLD1,bilstm,1,fewshot_partial_30d,248.69,4.56,351.83,88.78
QLD1,bilstm,1,fewshot_full_30d,250.26,4.61,353.27,88.68
QLD1,bilstm,1,fewshot_partial_90d,229.01,4.09,313.58,91.08
QLD1,bilstm,1,fewshot_full_90d,229.55,4.11,314.72,91.02
QLD1,bilstm,1,fewshot_partial_180d,214.69,3.76,295.62,92.08
QLD1,bilstm,1,fewshot_full_180d,216.01,3.75,294.4,92.14
QLD1,bigru,1,scaler,1017.58,16.31,1091.06,-7.95
QLD1,bigru,1,partial,160.09,2.76,215.53,95.79
QLD1,bigru,1,full,153.64,2.65,207.43,96.1
QLD1,bigru,1,fewshot_partial_30d,211.16,3.95,310.49,91.26
QLD1,bigru,1,fewshot_full_30d,217.08,4.04,314.39,91.04
QLD1,bigru,1,fewshot_partial_90d,176.17,3.17,242.91,94.65
QLD1,bigru,1,fewshot_full_90d,179.81,3.23,246.43,94.49
QLD1,bigru,1,fewshot_partial_180d,163.37,2.87,223.48,95.47
QLD1,bigru,1,fewshot_full_180d,164.1,2.86,223.53,95.47
QLD1,xgboost,24,scaler,825.71,13.06,951.98,17.31
QLD1,xgboost,24,partial,248.83,4.38,354.94,88.38
QLD1,xgboost,24,full,251.48,4.42,357.17,88.25
QLD1,xgboost,24,fewshot_partial_30d,462.41,8.68,637.92,61.92
QLD1,xgboost,24,fewshot_full_30d,460.02,8.63,634.78,62.4
QLD1,xgboost,24,fewshot_partial_90d,375.11,6.95,528.32,74.26
QLD1,xgboost,24,fewshot_full_90d,372.83,6.9,526.1,74.49
QLD1,xgboost,24,fewshot_partial_180d,310.7,5.61,440.21,82.19
QLD1,xgboost,24,fewshot_full_180d,309.39,5.58,437.59,82.42
QLD1,lightgbm,24,scaler,818.74,12.96,944.49,18.63
QLD1,lightgbm,24,partial,241.6,4.25,346.75,88.87
QLD1,lightgbm,24,full,243.61,4.28,348.19,88.79
QLD1,lightgbm,24,fewshot_partial_30d,517.91,9.73,698.46,53.39
QLD1,lightgbm,24,fewshot_full_30d,512.08,9.62,690.19,54.55
QLD1,lightgbm,24,fewshot_partial_90d,382.32,7.12,540.21,73.0
QLD1,lightgbm,24,fewshot_full_90d,380.52,7.09,537.82,73.24
QLD1,lightgbm,24,fewshot_partial_180d,315.59,5.73,447.49,81.57
QLD1,lightgbm,24,fewshot_full_180d,313.31,5.69,444.6,81.82
QLD1,ann,24,scaler,792.1,12.38,941.62,19.24
QLD1,ann,24,partial,379.44,6.66,513.82,75.92
QLD1,ann,24,full,377.27,6.62,511.14,76.17
QLD1,ann,24,fewshot_partial_30d,542.32,9.93,690.59,56.6
QLD1,ann,24,fewshot_full_30d,488.18,8.81,633.36,63.47
QLD1,ann,24,fewshot_partial_90d,440.39,8.04,581.1,69.12
QLD1,ann,24,fewshot_full_90d,441.53,8.05,582.88,68.92
QLD1,ann,24,fewshot_partial_180d,412.55,7.42,556.12,71.8
QLD1,ann,24,fewshot_full_180d,410.05,7.37,553.77,72.04
QLD1,lstm,24,scaler,941.33,14.84,1064.38,-2.75
QLD1,lstm,24,partial,243.98,4.25,333.15,89.93
QLD1,lstm,24,full,230.36,4.03,315.63,90.96
QLD1,lstm,24,fewshot_partial_30d,301.81,5.55,418.98,84.08
QLD1,lstm,24,fewshot_full_30d,287.6,5.28,405.23,85.11
QLD1,lstm,24,fewshot_partial_90d,268.16,4.69,361.51,88.15
QLD1,lstm,24,fewshot_full_90d,274.04,4.78,368.26,87.7
QLD1,lstm,24,fewshot_partial_180d,248.1,4.39,338.79,89.59
QLD1,lstm,24,fewshot_full_180d,252.17,4.48,346.79,89.09
QLD1,gru,24,scaler,942.11,14.76,1069.38,-3.72
QLD1,gru,24,partial,208.1,3.63,283.79,92.7
QLD1,gru,24,full,200.18,3.49,273.75,93.2
QLD1,gru,24,fewshot_partial_30d,271.28,5.02,381.15,86.82
QLD1,gru,24,fewshot_full_30d,271.53,5.03,382.72,86.72
QLD1,gru,24,fewshot_partial_90d,250.01,4.48,337.25,89.68
QLD1,gru,24,fewshot_full_90d,259.97,4.64,346.7,89.1
QLD1,gru,24,fewshot_partial_180d,224.92,4.03,309.74,91.3
QLD1,gru,24,fewshot_full_180d,223.61,4.02,310.08,91.28
QLD1,bilstm,24,scaler,879.3,13.86,1000.05,9.3
QLD1,bilstm,24,partial,213.56,3.74,291.75,92.28
QLD1,bilstm,24,full,203.16,3.51,277.5,93.02
QLD1,bilstm,24,fewshot_partial_30d,269.77,4.96,381.19,86.82
QLD1,bilstm,24,fewshot_full_30d,266.04,4.88,376.77,87.13
QLD1,bilstm,24,fewshot_partial_90d,249.55,4.35,331.5,90.03
QLD1,bilstm,24,fewshot_full_90d,247.0,4.31,330.25,90.11
QLD1,bilstm,24,fewshot_partial_180d,229.51,4.05,313.43,91.09
QLD1,bilstm,24,fewshot_full_180d,227.23,4.01,311.52,91.2
QLD1,bigru,24,scaler,859.71,13.44,989.13,11.27
QLD1,bigru,24,partial,193.35,3.37,263.39,93.71
QLD1,bigru,24,full,188.98,3.28,257.26,94.0
QLD1,bigru,24,fewshot_partial_30d,270.38,5.04,378.96,86.98
QLD1,bigru,24,fewshot_full_30d,266.89,4.96,375.22,87.23
QLD1,bigru,24,fewshot_partial_90d,236.93,4.14,306.19,91.5
QLD1,bigru,24,fewshot_full_90d,252.42,4.41,323.33,90.52
QLD1,bigru,24,fewshot_partial_180d,208.29,3.73,290.33,92.36
QLD1,bigru,24,fewshot_full_180d,217.13,3.9,303.83,91.63
QLD1,xgboost,168,scaler,718.0,11.86,887.55,27.68
QLD1,xgboost,168,partial,364.79,6.38,512.21,75.46
QLD1,xgboost,168,full,366.08,6.4,512.97,75.41
QLD1,xgboost,168,fewshot_partial_30d,680.54,12.7,899.73,24.13
QLD1,xgboost,168,fewshot_full_30d,675.54,12.61,894.36,25.08
QLD1,xgboost,168,fewshot_partial_90d,522.76,9.59,715.66,52.32
QLD1,xgboost,168,fewshot_full_90d,521.09,9.57,713.91,52.57
QLD1,xgboost,168,fewshot_partial_180d,457.23,7.99,625.04,63.53
QLD1,xgboost,168,fewshot_full_180d,456.49,7.97,624.03,63.64
QLD1,lightgbm,168,scaler,711.73,11.8,885.93,27.96
QLD1,lightgbm,168,partial,362.35,6.34,512.31,75.4
QLD1,lightgbm,168,full,361.05,6.31,509.58,75.69
QLD1,lightgbm,168,fewshot_partial_30d,703.19,13.15,939.98,17.15
QLD1,lightgbm,168,fewshot_full_30d,696.49,13.03,929.99,18.94
QLD1,lightgbm,168,fewshot_partial_90d,524.77,9.6,718.27,52.11
QLD1,lightgbm,168,fewshot_full_90d,523.62,9.59,716.76,52.3
QLD1,lightgbm,168,fewshot_partial_180d,457.9,8.0,630.14,63.02
QLD1,lightgbm,168,fewshot_full_180d,455.14,7.94,626.81,63.4
QLD1,ann,168,scaler,674.41,10.87,844.33,34.67
QLD1,ann,168,partial,464.21,8.15,630.3,63.56
QLD1,ann,168,full,462.59,8.12,628.49,63.77
QLD1,ann,168,fewshot_partial_30d,646.93,11.95,822.1,38.06
QLD1,ann,168,fewshot_full_30d,627.49,11.58,803.58,40.66
QLD1,ann,168,fewshot_partial_90d,597.42,11.06,766.42,45.98
QLD1,ann,168,fewshot_full_90d,597.31,11.05,767.13,45.88
QLD1,ann,168,fewshot_partial_180d,492.37,8.88,662.91,59.69
QLD1,ann,168,fewshot_full_180d,490.44,8.85,660.97,59.92
QLD1,lstm,168,scaler,792.84,12.79,925.23,21.5
QLD1,lstm,168,partial,318.59,5.65,438.8,82.34
QLD1,lstm,168,full,310.3,5.5,427.97,83.2
QLD1,lstm,168,fewshot_partial_30d,424.23,7.89,568.0,70.42
QLD1,lstm,168,fewshot_full_30d,430.46,8.01,586.23,68.49
QLD1,lstm,168,fewshot_partial_90d,368.99,6.76,506.38,76.49
QLD1,lstm,168,fewshot_full_90d,386.3,7.12,530.89,74.16
QLD1,lstm,168,fewshot_partial_180d,355.4,6.38,481.32,78.76
QLD1,lstm,168,fewshot_full_180d,359.92,6.51,491.44,77.85
QLD1,gru,168,scaler,807.88,12.83,945.73,17.99
QLD1,gru,168,partial,260.29,4.56,356.12,88.37
QLD1,gru,168,full,258.23,4.52,352.85,88.58
QLD1,gru,168,fewshot_partial_30d,383.28,7.11,504.32,76.68
QLD1,gru,168,fewshot_full_30d,405.92,7.57,535.83,73.67
QLD1,gru,168,fewshot_partial_90d,309.24,5.61,422.99,83.59
QLD1,gru,168,fewshot_full_90d,321.16,5.79,435.06,82.64
QLD1,gru,168,fewshot_partial_180d,290.52,5.18,396.14,85.61
QLD1,gru,168,fewshot_full_180d,299.65,5.35,409.19,84.65
QLD1,bilstm,168,scaler,780.61,12.82,903.12,25.21
QLD1,bilstm,168,partial,327.04,5.76,437.92,82.42
QLD1,bilstm,168,full,307.58,5.4,411.49,84.47
QLD1,bilstm,168,fewshot_partial_30d,432.14,8.05,573.91,69.8
QLD1,bilstm,168,fewshot_full_30d,443.95,8.28,593.52,67.7
QLD1,bilstm,168,fewshot_partial_90d,358.66,6.53,488.91,78.08
QLD1,bilstm,168,fewshot_full_90d,371.12,6.73,497.64,77.29
QLD1,bilstm,168,fewshot_partial_180d,341.55,6.13,462.96,80.35
QLD1,bilstm,168,fewshot_full_180d,348.62,6.28,474.24,79.38
QLD1,bigru,168,scaler,732.27,11.89,848.06,34.05
QLD1,bigru,168,partial,265.95,4.58,356.81,88.33
QLD1,bigru,168,full,254.28,4.4,343.44,89.18
QLD1,bigru,168,fewshot_partial_30d,401.33,7.47,521.71,75.04
QLD1,bigru,168,fewshot_full_30d,367.05,6.81,486.63,78.29
QLD1,bigru,168,fewshot_partial_90d,314.34,5.65,421.73,83.69
QLD1,bigru,168,fewshot_full_90d,333.69,6.02,443.29,81.98
QLD1,bigru,168,fewshot_partial_180d,293.99,5.21,394.76,85.71
QLD1,bigru,168,fewshot_full_180d,306.24,5.45,410.6,84.54
SA1,xgboost,1,scaler,744.62,59.02,806.54,-276.05
SA1,xgboost,1,partial,75.02,10.01,103.16,93.85
SA1,xgboost,1,full,78.74,10.15,106.37,93.46
SA1,xgboost,1,fewshot_partial_30d,155.93,19.97,203.07,76.16
SA1,xgboost,1,fewshot_full_30d,156.87,20.14,203.24,76.12
SA1,xgboost,1,fewshot_partial_90d,131.29,17.83,170.83,83.13
SA1,xgboost,1,fewshot_full_90d,133.59,17.63,172.29,82.84
SA1,xgboost,1,fewshot_partial_180d,103.49,17.17,137.22,89.12
SA1,xgboost,1,fewshot_full_180d,106.03,17.06,138.49,88.91
SA1,lightgbm,1,scaler,760.08,60.18,816.86,-285.72
SA1,lightgbm,1,partial,69.06,9.07,97.1,94.55
SA1,lightgbm,1,full,69.81,9.4,97.73,94.48
SA1,lightgbm,1,fewshot_partial_30d,124.01,18.78,166.25,84.02
SA1,lightgbm,1,fewshot_full_30d,124.42,18.92,166.72,83.93
SA1,lightgbm,1,fewshot_partial_90d,111.15,17.47,147.95,87.35
SA1,lightgbm,1,fewshot_full_90d,112.61,17.51,149.72,87.04
SA1,lightgbm,1,fewshot_partial_180d,101.5,18.33,138.17,88.96
SA1,lightgbm,1,fewshot_full_180d,100.9,17.42,135.83,89.33
SA1,ann,1,scaler,2101.57,210.46,2122.2,-2503.52
SA1,ann,1,partial,267.16,49.68,366.16,22.5
SA1,ann,1,full,250.45,47.16,347.24,30.3
SA1,ann,1,fewshot_partial_30d,256.86,45.96,346.33,30.66
SA1,ann,1,fewshot_full_30d,254.16,46.11,345.81,30.87
SA1,ann,1,fewshot_partial_90d,263.32,44.92,346.29,30.68
SA1,ann,1,fewshot_full_90d,266.5,44.64,346.93,30.42
SA1,ann,1,fewshot_partial_180d,252.21,46.17,344.98,31.2
SA1,ann,1,fewshot_full_180d,247.02,47.49,347.27,30.28
SA1,lstm,1,scaler,1270.23,100.88,1335.15,-931.36
SA1,lstm,1,partial,205.34,32.97,278.03,55.28
SA1,lstm,1,full,189.79,28.2,258.98,61.2
SA1,lstm,1,fewshot_partial_30d,215.52,35.45,295.65,49.43
SA1,lstm,1,fewshot_full_30d,221.76,36.7,305.05,46.16
SA1,lstm,1,fewshot_partial_90d,213.89,32.92,291.19,50.94
SA1,lstm,1,fewshot_full_90d,213.05,32.48,289.86,51.39
SA1,lstm,1,fewshot_partial_180d,188.85,32.32,264.25,59.6
SA1,lstm,1,fewshot_full_180d,187.17,30.96,259.95,60.9
SA1,gru,1,scaler,1264.7,100.6,1327.4,-919.43
SA1,gru,1,partial,179.66,30.91,247.54,64.55
SA1,gru,1,full,152.58,24.65,209.23,74.67
SA1,gru,1,fewshot_partial_30d,173.3,28.86,236.64,67.6
SA1,gru,1,fewshot_full_30d,181.02,28.96,243.27,65.76
SA1,gru,1,fewshot_partial_90d,194.05,27.88,255.81,62.14
SA1,gru,1,fewshot_full_90d,205.14,27.37,268.11,58.41
SA1,gru,1,fewshot_partial_180d,160.58,28.08,219.43,72.14
SA1,gru,1,fewshot_full_180d,159.81,25.83,214.27,73.44
SA1,bilstm,1,scaler,1249.98,99.52,1311.98,-895.88
SA1,bilstm,1,partial,210.16,35.15,279.54,54.79
SA1,bilstm,1,full,184.4,30.28,254.77,62.45
SA1,bilstm,1,fewshot_partial_30d,205.14,32.2,266.42,58.93
SA1,bilstm,1,fewshot_full_30d,208.23,31.18,267.64,58.56
SA1,bilstm,1,fewshot_partial_90d,210.39,28.8,275.18,56.19
SA1,bilstm,1,fewshot_full_90d,215.06,28.56,278.67,55.07
SA1,bilstm,1,fewshot_partial_180d,185.92,30.09,252.51,63.11
SA1,bilstm,1,fewshot_full_180d,187.08,28.4,250.93,63.57
SA1,bigru,1,scaler,1207.28,96.69,1262.21,-821.76
SA1,bigru,1,partial,139.23,20.72,187.73,79.61
SA1,bigru,1,full,128.79,18.79,175.57,82.17
SA1,bigru,1,fewshot_partial_30d,145.07,25.29,198.57,77.19
SA1,bigru,1,fewshot_full_30d,148.63,25.45,200.37,76.77
SA1,bigru,1,fewshot_partial_90d,161.69,24.01,205.2,75.64
SA1,bigru,1,fewshot_full_90d,171.85,24.37,215.5,73.13
SA1,bigru,1,fewshot_partial_180d,143.54,23.71,191.27,78.83
SA1,bigru,1,fewshot_full_180d,142.44,23.57,190.21,79.07
SA1,xgboost,24,scaler,606.52,50.99,674.26,-166.2
SA1,xgboost,24,partial,127.27,19.22,184.27,79.93
SA1,xgboost,24,full,128.68,19.36,185.08,79.79
SA1,xgboost,24,fewshot_partial_30d,238.64,30.61,305.56,45.37
SA1,xgboost,24,fewshot_full_30d,240.88,30.78,307.18,44.79
SA1,xgboost,24,fewshot_partial_90d,212.15,28.37,276.3,55.19
SA1,xgboost,24,fewshot_full_90d,214.01,28.35,276.7,55.07
SA1,xgboost,24,fewshot_partial_180d,175.12,31.81,245.38,64.55
SA1,xgboost,24,fewshot_full_180d,173.73,31.09,240.84,65.89
SA1,lightgbm,24,scaler,607.83,51.15,674.13,-166.6
SA1,lightgbm,24,partial,125.76,19.06,184.02,79.92
SA1,lightgbm,24,full,125.65,19.14,183.22,80.11
SA1,lightgbm,24,fewshot_partial_30d,223.34,29.59,290.92,50.15
SA1,lightgbm,24,fewshot_full_30d,221.62,29.46,288.44,50.96
SA1,lightgbm,24,fewshot_partial_90d,196.04,28.41,261.13,59.8
SA1,lightgbm,24,fewshot_full_90d,195.49,28.17,259.89,60.22
SA1,lightgbm,24,fewshot_partial_180d,183.62,34.23,260.12,60.06
SA1,lightgbm,24,fewshot_full_180d,179.99,33.46,254.88,61.67
SA1,ann,24,scaler,1181.85,96.97,1245.44,-800.57
SA1,ann,24,partial,283.34,50.89,394.64,9.6
SA1,ann,24,full,279.74,50.67,386.63,13.33
SA1,ann,24,fewshot_partial_30d,290.49,49.97,390.3,11.7
SA1,ann,24,fewshot_full_30d,290.68,49.81,390.64,11.54
SA1,ann,24,fewshot_partial_90d,303.51,48.41,397.8,8.24
SA1,ann,24,fewshot_full_90d,302.92,48.42,399.72,7.33
SA1,ann,24,fewshot_partial_180d,282.78,50.39,393.4,10.18
SA1,ann,24,fewshot_full_180d,282.65,50.39,393.7,10.04
SA1,lstm,24,scaler,745.09,63.5,824.3,-295.15
SA1,lstm,24,partial,211.04,37.8,293.91,49.76
SA1,lstm,24,full,195.13,32.58,269.53,57.75
SA1,lstm,24,fewshot_partial_30d,216.13,37.6,293.15,50.02
SA1,lstm,24,fewshot_full_30d,214.22,37.28,291.29,50.65
SA1,lstm,24,fewshot_partial_90d,233.87,33.53,300.88,47.35
SA1,lstm,24,fewshot_full_90d,245.53,32.97,312.98,43.03
SA1,lstm,24,fewshot_partial_180d,201.47,36.73,281.22,54.01
SA1,lstm,24,fewshot_full_180d,201.3,35.95,279.03,54.72
SA1,gru,24,scaler,954.36,72.9,1025.58,-511.68
SA1,gru,24,partial,157.33,20.61,210.96,74.12
SA1,gru,24,full,140.05,19.18,189.62,79.09
SA1,gru,24,fewshot_partial_30d,182.33,22.46,230.66,69.06
SA1,gru,24,fewshot_full_30d,192.85,22.36,244.14,65.34
SA1,gru,24,fewshot_partial_90d,192.74,21.06,244.8,65.15
SA1,gru,24,fewshot_full_90d,199.57,21.67,254.46,62.34
SA1,gru,24,fewshot_partial_180d,148.75,21.64,198.07,77.18
SA1,gru,24,fewshot_full_180d,148.86,22.48,198.82,77.01
SA1,bilstm,24,scaler,723.21,59.21,796.84,-269.26
SA1,bilstm,24,partial,168.33,24.72,225.99,70.3
SA1,bilstm,24,full,154.45,22.18,208.35,74.75
SA1,bilstm,24,fewshot_partial_30d,174.88,26.56,232.16,68.66
SA1,bilstm,24,fewshot_full_30d,176.3,27.64,236.35,67.51
SA1,bilstm,24,fewshot_partial_90d,186.82,25.6,238.34,66.96
SA1,bilstm,24,fewshot_full_90d,195.47,25.79,245.91,64.83
SA1,bilstm,24,fewshot_partial_180d,164.93,27.48,225.88,70.33
SA1,bilstm,24,fewshot_full_180d,164.75,27.39,225.8,70.35
SA1,bigru,24,scaler,821.61,64.54,897.3,-368.24
SA1,bigru,24,partial,144.2,19.77,192.31,78.49
SA1,bigru,24,full,125.87,16.18,169.07,83.38
SA1,bigru,24,fewshot_partial_30d,199.84,22.92,248.71,64.03
SA1,bigru,24,fewshot_full_30d,208.65,23.41,259.56,60.82
SA1,bigru,24,fewshot_partial_90d,183.77,20.63,231.27,68.89
SA1,bigru,24,fewshot_full_90d,184.7,20.91,235.6,67.72
SA1,bigru,24,fewshot_partial_180d,139.88,20.69,186.43,79.79
SA1,bigru,24,fewshot_full_180d,143.09,21.46,191.29,78.72
SA1,xgboost,168,scaler,459.8,48.47,517.29,-61.04
SA1,xgboost,168,partial,171.56,26.11,246.29,64.2
SA1,xgboost,168,full,171.73,26.14,245.72,64.38
SA1,xgboost,168,fewshot_partial_30d,273.44,38.04,354.68,26.23
SA1,xgboost,168,fewshot_full_30d,272.72,37.96,353.21,26.85
SA1,xgboost,168,fewshot_partial_90d,232.96,32.93,313.23,42.38
SA1,xgboost,168,fewshot_full_90d,233.2,33.02,312.45,42.68
SA1,xgboost,168,fewshot_partial_180d,220.4,37.53,307.09,44.4
SA1,xgboost,168,fewshot_full_180d,219.34,37.3,304.57,45.33
SA1,lightgbm,168,scaler,455.76,47.94,512.69,-58.1
SA1,lightgbm,168,partial,170.11,25.79,245.95,64.29
SA1,lightgbm,168,full,169.2,25.81,244.53,64.71
SA1,lightgbm,168,fewshot_partial_30d,268.44,37.52,354.36,25.97
SA1,lightgbm,168,fewshot_full_30d,266.51,37.3,351.87,27.0
SA1,lightgbm,168,fewshot_partial_90d,230.24,32.29,312.41,42.3
SA1,lightgbm,168,fewshot_full_90d,229.27,32.23,310.82,42.91
SA1,lightgbm,168,fewshot_partial_180d,217.96,37.22,305.04,45.34
SA1,lightgbm,168,fewshot_full_180d,216.12,36.91,302.32,46.29
SA1,ann,168,scaler,616.63,55.28,684.95,-186.51
SA1,ann,168,partial,251.83,44.9,352.56,27.6
SA1,ann,168,full,250.26,44.67,350.37,28.49
SA1,ann,168,fewshot_partial_30d,260.59,48.59,366.53,21.79
SA1,ann,168,fewshot_full_30d,261.02,48.13,366.6,21.76
SA1,ann,168,fewshot_partial_90d,265.47,45.31,364.31,22.72
SA1,ann,168,fewshot_full_90d,270.09,45.08,367.88,21.2
SA1,ann,168,fewshot_partial_180d,259.62,45.9,361.72,23.81
SA1,ann,168,fewshot_full_180d,259.33,45.78,361.46,23.92
SA1,lstm,168,scaler,627.08,54.9,698.87,-184.33
SA1,lstm,168,partial,186.4,28.58,254.29,62.36
SA1,lstm,168,full,178.87,26.89,244.46,65.21
SA1,lstm,168,fewshot_partial_30d,189.71,31.36,259.33,60.85
SA1,lstm,168,fewshot_full_30d,192.35,31.63,261.5,60.19
SA1,lstm,168,fewshot_partial_90d,222.19,29.99,287.36,51.93
SA1,lstm,168,fewshot_full_90d,236.54,30.62,302.8,46.63
SA1,lstm,168,fewshot_partial_180d,201.92,29.97,263.46,59.59
SA1,lstm,168,fewshot_full_180d,202.36,30.67,265.34,59.01
SA1,gru,168,scaler,767.25,63.91,847.84,-318.47
SA1,gru,168,partial,166.11,23.8,222.66,71.14
SA1,gru,168,full,152.71,21.64,207.96,74.82
SA1,gru,168,fewshot_partial_30d,192.95,25.07,245.73,64.85
SA1,gru,168,fewshot_full_30d,223.26,25.02,275.56,55.8
SA1,gru,168,fewshot_partial_90d,228.34,24.93,282.06,53.69
SA1,gru,168,fewshot_full_90d,241.41,25.82,298.48,48.14
SA1,gru,168,fewshot_partial_180d,168.6,24.11,221.2,71.52
SA1,gru,168,fewshot_full_180d,169.02,24.7,222.74,71.12
SA1,bilstm,168,scaler,635.45,58.42,707.79,-191.64
SA1,bilstm,168,partial,184.49,27.97,258.83,61.0
SA1,bilstm,168,full,173.91,26.21,244.01,65.34
SA1,bilstm,168,fewshot_partial_30d,201.83,33.44,277.86,55.05
SA1,bilstm,168,fewshot_full_30d,209.0,33.7,283.61,53.17
SA1,bilstm,168,fewshot_partial_90d,211.53,29.75,281.33,53.92
SA1,bilstm,168,fewshot_full_90d,219.67,30.22,289.45,51.23
SA1,bilstm,168,fewshot_partial_180d,187.71,30.72,259.93,60.67
SA1,bilstm,168,fewshot_full_180d,187.52,31.2,262.04,60.03
SA1,bigru,168,scaler,639.2,56.78,707.02,-191.01
SA1,bigru,168,partial,152.43,22.67,205.44,75.43
SA1,bigru,168,full,144.19,19.96,194.67,77.94
SA1,bigru,168,fewshot_partial_30d,183.95,26.23,235.2,67.8
SA1,bigru,168,fewshot_full_30d,203.07,25.74,253.28,62.65
SA1,bigru,168,fewshot_partial_90d,202.98,24.75,258.08,61.22
SA1,bigru,168,fewshot_full_90d,208.41,25.68,267.52,58.34
SA1,bigru,168,fewshot_partial_180d,161.74,24.47,212.53,73.7
SA1,bigru,168,fewshot_full_180d,161.64,25.28,215.38,73.0
TAS1,xgboost,1,scaler,156.11,12.93,188.93,-106.71
TAS1,xgboost,1,partial,29.32,2.58,38.42,91.45
TAS1,xgboost,1,full,29.65,2.61,38.75,91.31
TAS1,xgboost,1,fewshot_partial_30d,109.4,8.99,142.41,-17.46
TAS1,xgboost,1,fewshot_full_30d,108.73,8.92,142.15,-17.03
TAS1,xgboost,1,fewshot_partial_90d,88.32,7.26,117.69,19.78
TAS1,xgboost,1,fewshot_full_90d,87.56,7.2,115.92,22.18
TAS1,xgboost,1,fewshot_partial_180d,35.67,3.14,45.8,87.85
TAS1,xgboost,1,fewshot_full_180d,35.62,3.14,45.73,87.89
TAS1,lightgbm,1,scaler,164.18,13.65,194.66,-119.46
TAS1,lightgbm,1,partial,28.44,2.51,37.27,91.95
TAS1,lightgbm,1,full,28.82,2.54,37.6,91.81
TAS1,lightgbm,1,fewshot_partial_30d,92.7,7.69,118.96,18.05
TAS1,lightgbm,1,fewshot_full_30d,90.71,7.51,117.35,20.25
TAS1,lightgbm,1,fewshot_partial_90d,73.06,6.02,98.5,43.81
TAS1,lightgbm,1,fewshot_full_90d,72.36,5.97,97.47,44.97
TAS1,lightgbm,1,fewshot_partial_180d,36.08,3.19,46.67,87.39
TAS1,lightgbm,1,fewshot_full_180d,35.47,3.13,46.02,87.73
TAS1,ann,1,scaler,601.14,52.46,612.23,-2070.77
TAS1,ann,1,partial,100.75,8.9,125.78,8.38
TAS1,ann,1,full,99.41,8.78,124.24,10.61
TAS1,ann,1,fewshot_partial_30d,120.71,9.87,160.79,-49.72
TAS1,ann,1,fewshot_full_30d,120.95,9.89,161.1,-50.3
TAS1,ann,1,fewshot_partial_90d,128.29,10.47,169.14,-65.69
TAS1,ann,1,fewshot_full_90d,127.8,10.43,168.65,-64.72
TAS1,ann,1,fewshot_partial_180d,96.41,8.35,123.46,11.73
TAS1,ann,1,fewshot_full_180d,96.6,8.4,123.04,12.32
TAS1,lstm,1,scaler,333.89,28.37,358.93,-642.65
TAS1,lstm,1,partial,79.08,6.96,100.47,41.81
TAS1,lstm,1,full,68.32,5.93,87.67,55.69
TAS1,lstm,1,fewshot_partial_30d,102.21,8.38,136.17,-6.89
TAS1,lstm,1,fewshot_full_30d,102.25,8.38,136.49,-7.39
TAS1,lstm,1,fewshot_partial_90d,103.72,8.5,137.04,-8.26
TAS1,lstm,1,fewshot_full_90d,103.55,8.49,136.67,-7.68
TAS1,lstm,1,fewshot_partial_180d,65.86,5.78,83.51,59.8
TAS1,lstm,1,fewshot_full_180d,68.92,6.0,86.5,56.87
TAS1,gru,1,scaler,333.4,28.33,358.25,-639.87
TAS1,gru,1,partial,81.75,7.23,103.48,38.27
TAS1,gru,1,full,71.74,6.35,91.74,51.49
TAS1,gru,1,fewshot_partial_30d,104.13,8.57,138.06,-9.88
TAS1,gru,1,fewshot_full_30d,103.07,8.49,136.22,-6.96
TAS1,gru,1,fewshot_partial_90d,97.15,8.03,127.69,6.01
TAS1,gru,1,fewshot_full_90d,94.99,7.86,125.04,9.87
TAS1,gru,1,fewshot_partial_180d,73.16,6.48,92.19,51.01
TAS1,gru,1,fewshot_full_180d,72.37,6.45,91.24,52.01
TAS1,bilstm,1,scaler,329.02,27.94,354.37,-623.9
TAS1,bilstm,1,partial,83.31,7.39,103.41,38.35
TAS1,bilstm,1,full,78.29,6.92,97.6,45.09
TAS1,bilstm,1,fewshot_partial_30d,101.53,8.4,134.98,-5.03
TAS1,bilstm,1,fewshot_full_30d,102.21,8.45,135.82,-6.34
TAS1,bilstm,1,fewshot_partial_90d,105.37,8.68,139.36,-11.95
TAS1,bilstm,1,fewshot_full_90d,105.44,8.69,139.52,-12.22
TAS1,bilstm,1,fewshot_partial_180d,81.38,7.27,101.26,40.89
TAS1,bilstm,1,fewshot_full_180d,80.02,7.12,99.6,42.82
TAS1,bigru,1,scaler,319.0,27.12,342.69,-576.99
TAS1,bigru,1,partial,60.49,5.38,76.63,66.15
TAS1,bigru,1,full,56.98,5.09,71.95,70.16
TAS1,bigru,1,fewshot_partial_30d,93.89,7.76,122.98,12.81
TAS1,bigru,1,fewshot_full_30d,94.28,7.79,123.36,12.28
TAS1,bigru,1,fewshot_partial_90d,98.33,8.13,125.39,9.37
TAS1,bigru,1,fewshot_full_90d,95.83,7.93,122.37,13.68
TAS1,bigru,1,fewshot_partial_180d,63.02,5.59,77.8,65.11
TAS1,bigru,1,fewshot_full_180d,62.79,5.58,77.66,65.24
TAS1,xgboost,24,scaler,127.28,10.48,163.1,-56.24
TAS1,xgboost,24,partial,47.83,4.27,61.09,78.04
TAS1,xgboost,24,full,47.72,4.25,60.94,78.16
TAS1,xgboost,24,fewshot_partial_30d,126.77,10.43,162.99,-54.94
TAS1,xgboost,24,fewshot_full_30d,126.47,10.4,162.51,-54.09
TAS1,xgboost,24,fewshot_partial_90d,105.94,8.75,136.97,-9.23
TAS1,xgboost,24,fewshot_full_90d,106.28,8.77,137.43,-10.01
TAS1,xgboost,24,fewshot_partial_180d,65.32,5.86,82.14,60.04
TAS1,xgboost,24,fewshot_full_180d,63.71,5.71,80.11,62.04
TAS1,lightgbm,24,scaler,125.47,10.35,159.97,-50.67
TAS1,lightgbm,24,partial,48.42,4.33,61.88,77.39
TAS1,lightgbm,24,full,47.96,4.28,61.3,77.83
TAS1,lightgbm,24,fewshot_partial_30d,115.53,9.55,148.8,-31.24
TAS1,lightgbm,24,fewshot_full_30d,114.42,9.46,147.6,-28.92
TAS1,lightgbm,24,fewshot_partial_90d,93.16,7.74,120.81,14.76
TAS1,lightgbm,24,fewshot_full_90d,92.5,7.69,119.98,15.92
TAS1,lightgbm,24,fewshot_partial_180d,70.08,6.32,87.94,53.95
TAS1,lightgbm,24,fewshot_full_180d,68.73,6.19,86.24,55.73
TAS1,ann,24,scaler,329.23,27.99,356.59,-639.86
TAS1,ann,24,partial,103.54,9.19,128.99,3.43
TAS1,ann,24,full,104.27,9.28,129.42,2.78
TAS1,ann,24,fewshot_partial_30d,120.89,9.89,160.83,-50.11
TAS1,ann,24,fewshot_full_30d,121.0,9.9,160.94,-50.32
TAS1,ann,24,fewshot_partial_90d,128.62,10.5,169.31,-66.36
TAS1,ann,24,fewshot_full_90d,128.68,10.51,169.39,-66.5
TAS1,ann,24,fewshot_partial_180d,99.45,8.62,127.74,5.28
TAS1,ann,24,fewshot_full_180d,99.39,8.62,127.61,5.48
TAS1,lstm,24,scaler,170.89,14.05,210.84,-156.68
TAS1,lstm,24,partial,73.04,6.54,93.5,49.52
TAS1,lstm,24,full,67.87,6.07,86.8,56.49
TAS1,lstm,24,fewshot_partial_30d,98.32,8.14,127.55,6.07
TAS1,lstm,24,fewshot_full_30d,101.11,8.36,131.17,0.66
TAS1,lstm,24,fewshot_partial_90d,102.43,8.46,131.22,0.57
TAS1,lstm,24,fewshot_full_90d,103.31,8.53,132.62,-1.55
TAS1,lstm,24,fewshot_partial_180d,73.15,6.53,93.07,49.99
TAS1,lstm,24,fewshot_full_180d,74.85,6.71,95.26,47.6
TAS1,gru,24,scaler,235.27,19.73,264.24,-303.15
TAS1,gru,24,partial,57.49,5.15,72.89,69.32
TAS1,gru,24,full,55.08,4.91,69.81,71.86
TAS1,gru,24,fewshot_partial_30d,94.49,7.83,120.5,16.16
TAS1,gru,24,fewshot_full_30d,93.85,7.79,120.07,16.75
TAS1,gru,24,fewshot_partial_90d,99.83,8.31,124.11,11.06
TAS1,gru,24,fewshot_full_90d,96.08,8.0,119.94,16.94
TAS1,gru,24,fewshot_partial_180d,62.25,5.53,77.66,65.18
TAS1,gru,24,fewshot_full_180d,63.68,5.64,79.27,63.72
TAS1,bilstm,24,scaler,160.67,13.24,195.25,-120.13
TAS1,bilstm,24,partial,65.25,5.81,83.22,60.01
TAS1,bilstm,24,full,62.98,5.62,80.19,62.87
TAS1,bilstm,24,fewshot_partial_30d,98.66,8.18,126.54,7.54
TAS1,bilstm,24,fewshot_full_30d,100.74,8.35,129.14,3.7
TAS1,bilstm,24,fewshot_partial_90d,101.1,8.42,125.95,8.4
TAS1,bilstm,24,fewshot_full_90d,98.69,8.23,123.4,12.08
TAS1,bilstm,24,fewshot_partial_180d,72.38,6.47,91.54,51.62
TAS1,bilstm,24,fewshot_full_180d,73.77,6.61,93.59,49.43
TAS1,bigru,24,scaler,190.98,15.82,225.11,-192.59
TAS1,bigru,24,partial,52.56,4.68,66.82,74.22
TAS1,bigru,24,full,52.32,4.7,66.5,74.47
TAS1,bigru,24,fewshot_partial_30d,89.22,7.42,112.56,26.84
TAS1,bigru,24,fewshot_full_30d,82.43,6.87,104.89,36.47
TAS1,bigru,24,fewshot_partial_90d,90.28,7.53,110.95,28.92
TAS1,bigru,24,fewshot_full_90d,89.07,7.43,110.02,30.1
TAS1,bigru,24,fewshot_partial_180d,56.17,4.98,69.78,71.88
TAS1,bigru,24,fewshot_full_180d,59.07,5.24,73.25,69.02
TAS1,xgboost,168,scaler,95.46,8.09,123.79,8.26
TAS1,xgboost,168,partial,63.65,5.67,82.04,60.44
TAS1,xgboost,168,full,63.25,5.63,81.43,61.05
TAS1,xgboost,168,fewshot_partial_30d,134.23,11.07,167.92,-64.06
TAS1,xgboost,168,fewshot_full_30d,134.21,11.06,167.97,-64.08
TAS1,xgboost,168,fewshot_partial_90d,112.1,9.26,143.25,-19.34
TAS1,xgboost,168,fewshot_full_90d,112.97,9.33,144.25,-20.91
TAS1,xgboost,168,fewshot_partial_180d,87.13,7.83,110.03,28.27
TAS1,xgboost,168,fewshot_full_180d,85.96,7.72,108.57,30.08
TAS1,lightgbm,168,scaler,93.47,7.93,121.02,12.27
TAS1,lightgbm,168,partial,65.14,5.8,84.18,58.33
TAS1,lightgbm,168,full,64.3,5.73,82.98,59.53
TAS1,lightgbm,168,fewshot_partial_30d,125.37,10.36,157.88,-46.1
TAS1,lightgbm,168,fewshot_full_30d,125.3,10.35,157.82,-46.07
TAS1,lightgbm,168,fewshot_partial_90d,101.52,8.44,130.01,1.43
TAS1,lightgbm,168,fewshot_full_90d,100.73,8.37,129.22,2.7
TAS1,lightgbm,168,fewshot_partial_180d,92.73,8.34,116.57,19.54
TAS1,lightgbm,168,fewshot_full_180d,91.24,8.2,114.75,22.02
TAS1,ann,168,scaler,130.65,10.9,164.29,-64.54
TAS1,ann,168,partial,95.5,8.59,118.74,18.42
TAS1,ann,168,full,94.76,8.52,117.94,19.51
TAS1,ann,168,fewshot_partial_30d,115.43,9.45,153.03,-35.49
TAS1,ann,168,fewshot_full_30d,113.69,9.32,151.33,-32.49
TAS1,ann,168,fewshot_partial_90d,121.65,9.94,160.18,-48.45
TAS1,ann,168,fewshot_full_90d,123.41,10.07,162.41,-52.62
TAS1,ann,168,fewshot_partial_180d,89.75,7.88,114.29,24.41
TAS1,ann,168,fewshot_full_180d,89.76,7.9,114.11,24.65
TAS1,lstm,168,scaler,133.64,10.98,169.73,-66.19
TAS1,lstm,168,partial,65.56,5.82,82.72,60.53
TAS1,lstm,168,full,64.34,5.72,81.02,62.14
TAS1,lstm,168,fewshot_partial_30d,81.1,6.82,103.61,38.07
TAS1,lstm,168,fewshot_full_30d,83.27,6.98,106.25,34.88
TAS1,lstm,168,fewshot_partial_90d,110.9,9.21,137.63,-9.26
TAS1,lstm,168,fewshot_full_90d,112.01,9.31,138.63,-10.87
TAS1,lstm,168,fewshot_partial_180d,70.72,6.21,88.19,55.14
TAS1,lstm,168,fewshot_full_180d,72.91,6.43,91.19,52.03
TAS1,gru,168,scaler,175.19,14.43,212.06,-159.41
TAS1,gru,168,partial,60.64,5.43,76.31,66.41
TAS1,gru,168,full,57.75,5.16,72.95,69.3
TAS1,gru,168,fewshot_partial_30d,89.48,7.46,112.6,26.86
TAS1,gru,168,fewshot_full_30d,92.63,7.7,116.63,21.53
TAS1,gru,168,fewshot_partial_90d,94.0,7.86,116.09,22.25
TAS1,gru,168,fewshot_full_90d,94.72,7.93,116.9,21.16
TAS1,gru,168,fewshot_partial_180d,63.7,5.67,79.73,63.33
TAS1,gru,168,fewshot_full_180d,63.77,5.66,79.74,63.32
TAS1,bilstm,168,scaler,130.08,10.77,162.7,-52.71
TAS1,bilstm,168,partial,64.65,5.79,81.87,61.33
TAS1,bilstm,168,full,62.87,5.65,79.7,63.36
TAS1,bilstm,168,fewshot_partial_30d,85.58,7.15,109.42,30.94
TAS1,bilstm,168,fewshot_full_30d,91.83,7.63,117.41,20.48
TAS1,bilstm,168,fewshot_partial_90d,111.93,9.29,138.48,-10.62
TAS1,bilstm,168,fewshot_full_90d,111.37,9.25,138.1,-10.01
TAS1,bilstm,168,fewshot_partial_180d,67.35,6.01,84.84,58.48
TAS1,bilstm,168,fewshot_full_180d,67.14,5.98,84.67,58.64
TAS1,bigru,168,scaler,133.74,10.92,172.68,-72.02
TAS1,bigru,168,partial,59.03,5.28,75.3,67.29
TAS1,bigru,168,full,57.29,5.13,73.11,69.17
TAS1,bigru,168,fewshot_partial_30d,94.47,7.9,117.72,20.06
TAS1,bigru,168,fewshot_full_30d,97.08,8.11,121.21,15.25
TAS1,bigru,168,fewshot_partial_90d,110.14,9.18,134.95,-5.05
TAS1,bigru,168,fewshot_full_90d,109.43,9.13,134.22,-3.93
TAS1,bigru,168,fewshot_partial_180d,61.71,5.46,77.84,65.05
TAS1,bigru,168,fewshot_full_180d,62.16,5.49,78.22,64.7
VIC1,xgboost,1,scaler,1356.14,28.25,1468.59,-133.5
VIC1,xgboost,1,partial,160.57,3.7,219.21,94.8
VIC1,xgboost,1,full,165.84,3.8,225.14,94.51
VIC1,xgboost,1,fewshot_partial_30d,279.5,6.14,392.57,83.31
VIC1,xgboost,1,fewshot_full_30d,290.36,6.33,407.57,82.02
VIC1,xgboost,1,fewshot_partial_90d,265.83,5.82,372.47,84.98
VIC1,xgboost,1,fewshot_full_90d,278.69,6.04,391.33,83.42
VIC1,xgboost,1,fewshot_partial_180d,199.55,4.86,283.26,91.31
VIC1,xgboost,1,fewshot_full_180d,198.8,4.82,281.31,91.43
VIC1,lightgbm,1,scaler,1370.66,28.74,1471.17,-134.32
VIC1,lightgbm,1,partial,144.31,3.34,200.72,95.64
VIC1,lightgbm,1,full,149.22,3.46,206.04,95.4
VIC1,lightgbm,1,fewshot_partial_30d,270.35,6.31,368.17,85.32
VIC1,lightgbm,1,fewshot_full_30d,265.35,6.21,364.55,85.61
VIC1,lightgbm,1,fewshot_partial_90d,251.78,5.73,340.7,87.43
VIC1,lightgbm,1,fewshot_full_90d,246.23,5.59,335.33,87.83
VIC1,lightgbm,1,fewshot_partial_180d,201.35,4.92,279.7,91.53
VIC1,lightgbm,1,fewshot_full_180d,198.74,4.87,277.28,91.68
VIC1,ann,1,scaler,2035.89,44.91,2073.06,-365.28
VIC1,ann,1,partial,325.74,7.46,416.78,81.19
VIC1,ann,1,full,309.83,7.07,393.95,83.2
VIC1,ann,1,fewshot_partial_30d,325.21,7.53,402.53,82.46
VIC1,ann,1,fewshot_full_30d,317.28,7.29,395.86,83.03
VIC1,ann,1,fewshot_partial_90d,326.42,7.56,407.74,82.0
VIC1,ann,1,fewshot_full_90d,339.75,7.95,422.31,80.69
VIC1,ann,1,fewshot_partial_180d,337.39,7.96,420.99,80.81
VIC1,ann,1,fewshot_full_180d,336.54,7.95,420.1,80.89
VIC1,lstm,1,scaler,1892.16,40.33,1968.64,-319.27
VIC1,lstm,1,partial,254.26,6.0,349.16,86.81
VIC1,lstm,1,full,230.97,5.37,318.69,89.01
VIC1,lstm,1,fewshot_partial_30d,247.2,5.84,341.0,87.42
VIC1,lstm,1,fewshot_full_30d,245.46,5.75,338.92,87.57
VIC1,lstm,1,fewshot_partial_90d,240.83,5.62,330.81,88.16
VIC1,lstm,1,fewshot_full_90d,243.35,5.68,332.54,88.04
VIC1,lstm,1,fewshot_partial_180d,239.03,5.7,328.11,88.35
VIC1,lstm,1,fewshot_full_180d,235.14,5.55,322.25,88.77
VIC1,gru,1,scaler,1740.69,36.92,1813.98,-255.98
VIC1,gru,1,partial,204.33,4.87,278.77,91.59
VIC1,gru,1,full,188.8,4.52,259.47,92.72
VIC1,gru,1,fewshot_partial_30d,213.33,5.07,289.41,90.94
VIC1,gru,1,fewshot_full_30d,225.99,5.29,300.29,90.24
VIC1,gru,1,fewshot_partial_90d,226.16,5.26,297.24,90.44
VIC1,gru,1,fewshot_full_90d,231.22,5.36,302.46,90.1
VIC1,gru,1,fewshot_partial_180d,200.46,4.9,279.77,91.53
VIC1,gru,1,fewshot_full_180d,204.43,5.04,286.7,91.11
VIC1,bilstm,1,scaler,1734.63,37.03,1803.55,-251.9
VIC1,bilstm,1,partial,251.83,5.9,333.27,87.98
VIC1,bilstm,1,full,230.26,5.34,308.1,89.73
VIC1,bilstm,1,fewshot_partial_30d,249.9,5.95,329.66,88.24
VIC1,bilstm,1,fewshot_full_30d,241.9,5.68,322.17,88.77
VIC1,bilstm,1,fewshot_partial_90d,244.04,5.78,325.79,88.52
VIC1,bilstm,1,fewshot_full_90d,238.54,5.53,319.97,88.92
VIC1,bilstm,1,fewshot_partial_180d,239.79,5.64,322.38,88.76
VIC1,bilstm,1,fewshot_full_180d,241.55,5.71,324.67,88.6
VIC1,bigru,1,scaler,1660.81,35.29,1730.68,-224.04
VIC1,bigru,1,partial,195.95,4.59,262.94,92.52
VIC1,bigru,1,full,178.73,4.21,242.52,93.64
VIC1,bigru,1,fewshot_partial_30d,197.22,4.67,265.79,92.36
VIC1,bigru,1,fewshot_full_30d,200.99,4.73,271.19,92.04
VIC1,bigru,1,fewshot_partial_90d,197.84,4.75,267.54,92.26
VIC1,bigru,1,fewshot_full_90d,195.65,4.63,264.84,92.41
VIC1,bigru,1,fewshot_partial_180d,197.57,4.8,269.88,92.12
VIC1,bigru,1,fewshot_full_180d,194.95,4.73,267.64,92.25
VIC1,xgboost,24,scaler,1096.73,22.22,1283.51,-80.35
VIC1,xgboost,24,partial,307.09,7.26,430.47,79.37
VIC1,xgboost,24,full,308.59,7.28,431.61,79.29
VIC1,xgboost,24,fewshot_partial_30d,559.66,12.77,727.84,41.47
VIC1,xgboost,24,fewshot_full_30d,552.04,12.57,720.05,42.82
VIC1,xgboost,24,fewshot_partial_90d,468.8,10.85,646.2,54.08
VIC1,xgboost,24,fewshot_full_90d,464.48,10.74,640.96,54.87
VIC1,xgboost,24,fewshot_partial_180d,434.3,10.92,610.27,58.47
VIC1,xgboost,24,fewshot_full_180d,425.95,10.71,601.46,59.71
VIC1,lightgbm,24,scaler,1090.67,22.17,1268.11,-76.27
VIC1,lightgbm,24,partial,299.36,7.1,424.29,79.86
VIC1,lightgbm,24,full,301.41,7.15,425.0,79.82
VIC1,lightgbm,24,fewshot_partial_30d,651.79,15.35,828.84,22.69
VIC1,lightgbm,24,fewshot_full_30d,647.23,15.25,822.01,23.94
VIC1,lightgbm,24,fewshot_partial_90d,467.87,11.04,641.5,54.51
VIC1,lightgbm,24,fewshot_full_90d,462.1,10.91,633.6,55.64
VIC1,lightgbm,24,fewshot_partial_180d,459.57,11.54,638.13,54.48
VIC1,lightgbm,24,fewshot_full_180d,449.94,11.3,625.0,56.41
VIC1,ann,24,scaler,1268.63,25.97,1428.89,-122.21
VIC1,ann,24,partial,498.74,12.01,653.79,53.38
VIC1,ann,24,full,494.46,11.93,646.83,54.37
VIC1,ann,24,fewshot_partial_30d,495.41,11.84,647.65,54.26
VIC1,ann,24,fewshot_full_30d,491.05,11.58,645.29,54.59
VIC1,ann,24,fewshot_partial_90d,499.53,11.77,656.38,53.02
VIC1,ann,24,fewshot_full_90d,505.47,11.87,664.45,51.86
VIC1,ann,24,fewshot_partial_180d,519.94,12.73,683.63,49.07
VIC1,ann,24,fewshot_full_180d,516.85,12.67,680.0,49.6
VIC1,lstm,24,scaler,1323.63,27.16,1486.99,-141.15
VIC1,lstm,24,partial,322.25,7.77,441.94,78.7
VIC1,lstm,24,full,312.93,7.65,428.91,79.94
VIC1,lstm,24,fewshot_partial_30d,364.99,8.5,485.78,74.26
VIC1,lstm,24,fewshot_full_30d,390.2,8.82,513.02,71.3
VIC1,lstm,24,fewshot_partial_90d,397.86,8.79,523.66,70.09
VIC1,lstm,24,fewshot_full_90d,425.73,9.31,557.96,66.05
VIC1,lstm,24,fewshot_partial_180d,309.39,7.51,423.13,80.47
VIC1,lstm,24,fewshot_full_180d,309.46,7.53,424.05,80.39
VIC1,gru,24,scaler,1372.59,28.22,1497.18,-144.47
VIC1,gru,24,partial,235.0,5.51,312.99,89.32
VIC1,gru,24,full,221.26,5.16,294.72,90.53
VIC1,gru,24,fewshot_partial_30d,253.58,6.03,341.66,87.27
VIC1,gru,24,fewshot_full_30d,277.23,6.52,370.61,85.02
VIC1,gru,24,fewshot_partial_90d,280.33,6.25,364.9,85.48
VIC1,gru,24,fewshot_full_90d,323.3,7.01,422.38,80.54
VIC1,gru,24,fewshot_partial_180d,244.57,5.86,328.91,88.2
VIC1,gru,24,fewshot_full_180d,245.73,5.91,329.76,88.14
VIC1,bilstm,24,scaler,1242.56,25.47,1388.51,-110.27
VIC1,bilstm,24,partial,289.66,7.01,388.52,83.54
VIC1,bilstm,24,full,253.26,6.0,339.68,87.42
VIC1,bilstm,24,fewshot_partial_30d,286.87,6.8,388.76,83.52
VIC1,bilstm,24,fewshot_full_30d,301.22,7.01,402.97,82.29
VIC1,bilstm,24,fewshot_partial_90d,287.38,6.66,384.61,83.87
VIC1,bilstm,24,fewshot_full_90d,306.66,6.99,406.77,81.95
VIC1,bilstm,24,fewshot_partial_180d,273.12,6.61,372.21,84.89
VIC1,bilstm,24,fewshot_full_180d,273.93,6.66,374.31,84.72
VIC1,bigru,24,scaler,1233.05,25.24,1362.96,-102.61
VIC1,bigru,24,partial,222.44,5.19,294.31,90.55
VIC1,bigru,24,full,216.48,5.06,284.96,91.14
VIC1,bigru,24,fewshot_partial_30d,249.61,5.63,324.38,88.52
VIC1,bigru,24,fewshot_full_30d,291.8,6.42,376.6,84.53
VIC1,bigru,24,fewshot_partial_90d,284.32,6.37,371.65,84.94
VIC1,bigru,24,fewshot_full_90d,299.2,6.66,392.24,83.22
VIC1,bigru,24,fewshot_partial_180d,249.73,6.08,337.74,87.56
VIC1,bigru,24,fewshot_full_180d,253.99,6.2,346.33,86.92
VIC1,xgboost,168,scaler,745.37,15.58,929.74,0.02
VIC1,xgboost,168,partial,405.8,9.55,561.52,64.93
VIC1,xgboost,168,full,405.18,9.54,560.63,65.06
VIC1,xgboost,168,fewshot_partial_30d,659.62,14.82,871.73,15.51
VIC1,xgboost,168,fewshot_full_30d,650.01,14.59,860.01,17.75
VIC1,xgboost,168,fewshot_partial_90d,580.04,13.32,782.14,31.7
VIC1,xgboost,168,fewshot_full_90d,573.45,13.16,773.87,33.17
VIC1,xgboost,168,fewshot_partial_180d,578.73,14.38,793.52,29.75
VIC1,xgboost,168,fewshot_full_180d,567.82,14.12,780.35,32.06
VIC1,lightgbm,168,scaler,731.89,15.35,910.08,4.05
VIC1,lightgbm,168,partial,400.22,9.41,557.7,65.36
VIC1,lightgbm,168,full,399.99,9.42,556.24,65.56
VIC1,lightgbm,168,fewshot_partial_30d,690.47,15.73,906.84,8.53
VIC1,lightgbm,168,fewshot_full_30d,686.22,15.6,900.96,9.71
VIC1,lightgbm,168,fewshot_partial_90d,591.57,13.64,797.2,28.75
VIC1,lightgbm,168,fewshot_full_90d,585.1,13.48,789.32,30.17
VIC1,lightgbm,168,fewshot_partial_180d,623.22,15.47,842.26,20.49
VIC1,lightgbm,168,fewshot_full_180d,615.47,15.29,833.28,22.15
VIC1,ann,168,scaler,743.99,15.36,939.66,1.69
VIC1,ann,168,partial,545.95,13.06,720.72,42.85
VIC1,ann,168,full,546.68,13.12,720.59,42.86
VIC1,ann,168,fewshot_partial_30d,585.54,14.24,757.69,36.87
VIC1,ann,168,fewshot_full_30d,578.98,13.92,752.31,37.76
VIC1,ann,168,fewshot_partial_90d,575.47,13.5,754.85,37.3
VIC1,ann,168,fewshot_full_90d,585.23,13.63,768.02,35.08
VIC1,ann,168,fewshot_partial_180d,585.93,14.28,776.63,33.63
VIC1,ann,168,fewshot_full_180d,581.67,14.18,773.21,34.22
VIC1,lstm,168,scaler,1063.92,21.74,1241.64,-70.99
VIC1,lstm,168,partial,387.49,9.12,522.1,69.77
VIC1,lstm,168,full,378.73,8.98,508.19,71.36
VIC1,lstm,168,fewshot_partial_30d,389.87,9.14,516.59,70.4
VIC1,lstm,168,fewshot_full_30d,405.05,9.46,530.57,68.78
VIC1,lstm,168,fewshot_partial_90d,412.27,9.56,547.9,66.71
VIC1,lstm,168,fewshot_full_90d,434.53,10.03,571.99,63.71
VIC1,lstm,168,fewshot_partial_180d,399.76,9.57,536.62,68.06
VIC1,lstm,168,fewshot_full_180d,409.18,9.86,552.22,66.18
VIC1,gru,168,scaler,1098.72,22.44,1247.71,-72.66
VIC1,gru,168,partial,294.15,6.95,395.26,82.67
VIC1,gru,168,full,289.93,6.77,388.72,83.24
VIC1,gru,168,fewshot_partial_30d,333.62,7.74,447.45,77.79
VIC1,gru,168,fewshot_full_30d,359.2,8.07,473.87,75.09
VIC1,gru,168,fewshot_partial_90d,358.31,8.0,468.89,75.62
VIC1,gru,168,fewshot_full_90d,385.89,8.56,503.84,71.84
VIC1,gru,168,fewshot_partial_180d,319.25,7.52,428.19,79.67
VIC1,gru,168,fewshot_full_180d,316.12,7.37,422.51,80.2
VIC1,bilstm,168,scaler,1043.63,21.59,1211.82,-62.87
VIC1,bilstm,168,partial,366.36,8.59,502.36,72.01
VIC1,bilstm,168,full,351.51,8.25,482.87,74.14
VIC1,bilstm,168,fewshot_partial_30d,369.42,8.58,509.97,71.16
VIC1,bilstm,168,fewshot_full_30d,385.2,8.85,529.85,68.86
VIC1,bilstm,168,fewshot_partial_90d,406.42,9.4,555.6,65.76
VIC1,bilstm,168,fewshot_full_90d,444.91,10.16,599.34,60.16
VIC1,bilstm,168,fewshot_partial_180d,384.55,9.18,532.38,68.57
VIC1,bilstm,168,fewshot_full_180d,387.59,9.27,536.4,68.09
VIC1,bigru,168,scaler,1029.25,20.95,1200.66,-59.88
VIC1,bigru,168,partial,304.18,7.08,398.98,82.34
VIC1,bigru,168,full,285.59,6.6,375.79,84.34
VIC1,bigru,168,fewshot_partial_30d,305.19,7.21,408.68,81.48
VIC1,bigru,168,fewshot_full_30d,318.4,7.53,423.74,80.09
VIC1,bigru,168,fewshot_partial_90d,393.68,8.95,508.06,71.37
VIC1,bigru,168,fewshot_full_90d,429.28,9.53,558.56,65.4
VIC1,bigru,168,fewshot_partial_180d,338.3,8.11,445.94,77.94
VIC1,bigru,168,fewshot_full_180d,337.11,8.07,448.39,77.7
