Model,Horizon,MAE,MAPE,RMSE,R2
XGBoost,1,203.9676,2.9065,291.6358,95.1916
LightGBM,1,200.2429,2.8562,285.4656,95.3929
LSTM,1,192.3581,2.6746,276.0422,95.7192
GRU,1,188.6791,2.6096,262.0439,96.1423
BILSTM,1,193.8514,2.7169,276.0136,95.7201
BIGRU,1,177.474,2.4789,250.4483,96.4762
ANN,1,204.3431,2.8595,283.6549,95.4511
XGBoost,24,372.6119,5.3333,535.6226,83.5037
LightGBM,24,372.9126,5.3367,533.9628,83.602
LSTM,24,348.0699,4.8709,497.2815,86.116
GRU,24,324.1865,4.6005,455.2929,88.3616
BILSTM,24,323.2657,4.5631,464.143,87.9048
BIGRU,24,299.0213,4.2348,425.306,89.8442
ANN,24,448.825,6.505,620.1882,78.0738
XGBoost,168,506.2525,7.1549,714.9472,70.7384
LightGBM,168,510.6561,7.2117,720.0268,70.3029
LSTM,168,464.2455,6.4988,641.1848,76.8548
GRU,168,434.8017,6.1002,607.3669,79.2319
BILSTM,168,493.4058,7.0179,682.3348,73.7886
BIGRU,168,461.0268,6.483,635.0522,77.2954
ANN,168,567.1596,8.0571,780.4172,65.505
